plot_id,coordinates,crop_type,capture_date,ndvi_mean,evi_mean,soil_ph_isric,arsenic_zone_risk,predicted_heavy_metal_risk
P-101,"23.8354,90.2559",Boro Rice,2026-08-06,0.530,0.573,5.61,High,Critical
P-102,"23.8360,90.2562",Bitter Gourd,2026-08-06,0.416,0.432,5.61,High,Critical
P-103,"23.6811,90.4132",Jute,2026-08-06,0.550,0.600,6.96,Medium,Moderate
P-104,"23.6521,90.6012",Aman Rice,2026-08-06,0.769,0.825,6.96,Low,Low
P-101,"23.8354,90.2559",Boro Rice,2026-08-13,0.549,0.570,5.62,High,Critical
P-102,"23.8360,90.2562",Bitter Gourd,2026-08-13,0.383,0.388,5.97,High,Critical
P-103,"23.6811,90.4132",Jute,2026-08-13,0.550,0.585,6.97,Medium,Moderate
P-104,"23.6521,90.6012",Aman Rice,2026-08-13,0.775,0.825,6.85,Low,Low
P-101,"23.8354,90.2559",Boro Rice,2026-08-20,0.556,0.571,5.95,High,Critical
P-102,"23.8360,90.2562",Bitter Gourd,2026-08-20,0.456,0.459,5.83,High,Critical
P-103,"23.6811,90.4132",Jute,2026-08-20,0.564,0.589,6.78,Medium,Moderate
P-104,"23.6521,90.6012",Aman Rice,2026-08-20,0.781,0.825,6.82,Low,Low
P-101,"23.8354,90.2559",Boro Rice,2026-08-27,0.479,0.526,5.63,High,Critical
P-102,"23.8360,90.2562",Bitter Gourd,2026-08-27,0.430,0.418,5.67,High,Critical
P-103,"23.6811,90.4132",Jute,2026-08-27,0.547,0.574,6.93,Medium,Moderate
P-104,"23.6521,90.6012",Aman Rice,2026-08-27,0.768,0.825,6.70,Low,Low
P-101,"23.8354,90.2559",Boro Rice,2026-09-03,0.572,0.581,5.73,High,Critical
P-102,"23.8360,90.2562",Bitter Gourd,2026-09-03,0.383,0.392,5.80,High,Critical
P-103,"23.6811,90.4132",Jute,2026-09-03,0.590,0.598,6.81,Medium,Moderate
P-104,"23.6521,90.6012",Aman Rice,2026-09-03,0.796,0.825,6.92,Low,Low
P-101,"23.8354,90.2559",Boro Rice,2026-09-10,0.509,0.526,5.97,High,Critical
P-102,"23.8360,90.2562",Bitter Gourd,2026-09-10,0.395,0.400,5.85,High,Critical
P-103,"23.6811,90.4132",Jute,2026-09-10,0.511,0.554,6.62,Medium,Moderate
P-104,"23.6521,90.6012",Aman Rice,2026-09-10,0.764,0.825,6.95,Low,Low
P-101,"23.8354,90.2559",Boro Rice,2026-09-17,0.510,0.533,5.87,High,Critical
P-102,"23.8360,90.2562",Bitter Gourd,2026-09-17,0.414,0.436,5.79,High,Critical
P-103,"23.6811,90.4132",Jute,2026-09-17,0.524,0.555,6.75,Medium,Moderate
P-104,"23.6521,90.6012",Aman Rice,2026-09-17,0.770,0.825,6.68,Low,Low
P-101,"23.8354,90.2559",Boro Rice,2026-09-24,0.519,0.528,5.94,High,Critical
P-102,"23.8360,90.2562",Bitter Gourd,2026-09-24,0.418,0.442,5.68,High,Critical
P-103,"23.6811,90.4132",Jute,2026-09-24,0.537,0.565,6.60,Medium,Moderate
P-104,"23.6521,90.6012",Aman Rice,2026-09-24,0.793,0.825,6.68,Low,Low
P-101,"23.8354,90.2559",Boro Rice,2026-10-01,0.491,0.525,5.65,High,Critical
P-102,"23.8360,90.2562",Bitter Gourd,2026-10-01,0.402,0.421,5.85,High,Critical
P-103,"23.6811,90.4132",Jute,2026-10-01,0.564,0.594,6.87,Medium,Moderate
P-104,"23.6521,90.6012",Aman Rice,2026-10-01,0.770,0.825,6.92,Low,Low
P-101,"23.8354,90.2559",Boro Rice,2026-10-08,0.481,0.519,5.85,High,Critical
P-102,"23.8360,90.2562",Bitter Gourd,2026-10-08,0.368,0.388,5.67,High,Critical
P-103,"23.6811,90.4132",Jute,2026-10-08,0.542,0.575,6.80,Medium,Moderate
P-104,"23.6521,90.6012",Aman Rice,2026-10-08,0.760,0.825,6.83,Low,Low