date,location,zone_type,ph,ec_us_cm,do_mg_l,chromium_mg_l,lead_mg_l,risk_level
2026-09-30,Savar-Hemayetpur,Industrial,5.93,1674,2.84,1.440,0.518,Critical
2026-09-30,Keraniganj-Hasnabad,Peri-urban,6.90,913,4.84,0.369,0.163,Moderate
2026-09-30,Narayanganj-Sonargaon,Rural,7.31,481,6.07,0.012,0.005,Low
2026-10-01,Savar-Hemayetpur,Industrial,6.49,1767,3.05,1.584,0.611,Critical
2026-10-01,Keraniganj-Hasnabad,Peri-urban,6.63,880,4.60,0.443,0.151,Moderate
2026-10-01,Narayanganj-Sonargaon,Rural,7.02,474,6.93,0.012,0.005,Low
2026-10-02,Savar-Hemayetpur,Industrial,6.35,1716,3.46,1.587,0.593,Critical
2026-10-02,Keraniganj-Hasnabad,Peri-urban,6.67,1099,5.13,0.410,0.125,Moderate
2026-10-02,Narayanganj-Sonargaon,Rural,7.18,504,6.77,0.012,0.005,Low
2026-10-03,Savar-Hemayetpur,Industrial,5.58,1897,2.85,1.537,0.501,Critical
2026-10-03,Keraniganj-Hasnabad,Peri-urban,6.74,1029,5.49,0.419,0.143,Moderate
2026-10-03,Narayanganj-Sonargaon,Rural,7.18,450,6.38,0.012,0.005,Low
2026-10-04,Savar-Hemayetpur,Industrial,5.99,1657,2.83,1.565,0.684,Critical
2026-10-04,Keraniganj-Hasnabad,Peri-urban,6.74,871,4.63,0.325,0.114,Moderate
2026-10-04,Narayanganj-Sonargaon,Rural,7.06,412,6.36,0.012,0.005,Low
2026-10-05,Savar-Hemayetpur,Industrial,5.96,1964,3.19,1.391,0.631,Critical
2026-10-05,Keraniganj-Hasnabad,Peri-urban,6.92,834,4.59,0.339,0.161,Moderate
2026-10-05,Narayanganj-Sonargaon,Rural,7.15,433,6.32,0.012,0.005,Low
2026-10-06,Savar-Hemayetpur,Industrial,6.29,1844,3.00,1.214,0.527,Critical
2026-10-06,Keraniganj-Hasnabad,Peri-urban,6.88,861,5.45,0.421,0.119,Moderate
2026-10-06,Narayanganj-Sonargaon,Rural,7.28,477,6.38,0.012,0.005,Low
2026-10-07,Savar-Hemayetpur,Industrial,5.72,1605,2.58,1.435,0.549,Critical
2026-10-07,Keraniganj-Hasnabad,Peri-urban,6.57,1017,5.09,0.491,0.176,Moderate
2026-10-07,Narayanganj-Sonargaon,Rural,7.30,452,6.12,0.012,0.005,Low
2026-10-08,Savar-Hemayetpur,Industrial,6.07,1804,3.13,1.535,0.694,Critical
2026-10-08,Keraniganj-Hasnabad,Peri-urban,6.59,891,5.47,0.335,0.129,Moderate
2026-10-08,Narayanganj-Sonargaon,Rural,7.28,505,6.87,0.012,0.005,Low
2026-10-09,Savar-Hemayetpur,Industrial,5.95,1614,3.24,1.488,0.570,Critical
2026-10-09,Keraniganj-Hasnabad,Peri-urban,6.59,1006,5.29,0.324,0.155,Moderate
2026-10-09,Narayanganj-Sonargaon,Rural,7.39,543,6.51,0.012,0.005,Low
2026-10-10,Savar-Hemayetpur,Industrial,6.23,1662,2.52,1.360,0.647,Critical
2026-10-10,Keraniganj-Hasnabad,Peri-urban,6.57,894,5.10,0.480,0.133,Moderate
2026-10-10,Narayanganj-Sonargaon,Rural,7.15,529,6.36,0.012,0.005,Low
2026-10-11,Savar-Hemayetpur,Industrial,6.09,1709,2.77,1.651,0.525,Critical
2026-10-11,Keraniganj-Hasnabad,Peri-urban,6.68,915,5.35,0.425,0.111,Moderate
2026-10-11,Narayanganj-Sonargaon,Rural,7.37,479,6.99,0.012,0.005,Low
2026-10-12,Savar-Hemayetpur,Industrial,5.51,1552,2.89,1.351,0.514,Critical
2026-10-12,Keraniganj-Hasnabad,Peri-urban,6.87,999,4.98,0.333,0.159,Moderate
2026-10-12,Narayanganj-Sonargaon,Rural,7.04,426,6.81,0.012,0.005,Low
2026-10-13,Savar-Hemayetpur,Industrial,6.29,1666,3.34,1.658,0.525,Critical
2026-10-13,Keraniganj-Hasnabad,Peri-urban,6.80,934,5.37,0.382,0.111,Moderate
2026-10-13,Narayanganj-Sonargaon,Rural,7.23,509,6.62,0.012,0.005,Low
2026-10-14,Savar-Hemayetpur,Industrial,6.23,1625,3.40,1.574,0.559,Critical
2026-10-14,Keraniganj-Hasnabad,Peri-urban,6.75,886,4.58,0.390,0.147,Moderate
2026-10-14,Narayanganj-Sonargaon,Rural,7.27,505,6.22,0.012,0.005,Low
2026-10-15,Savar-Hemayetpur,Industrial,5.84,1637,2.75,1.226,0.668,Critical
2026-10-15,Keraniganj-Hasnabad,Peri-urban,6.53,888,4.69,0.398,0.173,Moderate
2026-10-15,Narayanganj-Sonargaon,Rural,7.17,501,6.28,0.012,0.005,Low
2026-10-16,Savar-Hemayetpur,Industrial,5.56,1998,3.02,1.524,0.508,Critical
2026-10-16,Keraniganj-Hasnabad,Peri-urban,6.66,832,4.57,0.338,0.193,Moderate
2026-10-16,Narayanganj-Sonargaon,Rural,7.21,448,6.06,0.012,0.005,Low
2026-10-17,Savar-Hemayetpur,Industrial,5.79,1903,2.84,1.557,0.568,Critical
2026-10-17,Keraniganj-Hasnabad,Peri-urban,6.94,962,5.32,0.449,0.117,Moderate
2026-10-17,Narayanganj-Sonargaon,Rural,7.30,446,6.19,0.012,0.005,Low
2026-10-18,Savar-Hemayetpur,Industrial,5.86,1824,2.74,1.297,0.599,Critical
2026-10-18,Keraniganj-Hasnabad,Peri-urban,7.00,987,5.13,0.437,0.164,Moderate
2026-10-18,Narayanganj-Sonargaon,Rural,7.17,430,6.02,0.012,0.005,Low
2026-10-19,Savar-Hemayetpur,Industrial,6.11,1942,2.65,1.294,0.685,Critical
2026-10-19,Keraniganj-Hasnabad,Peri-urban,6.64,823,5.00,0.470,0.167,Moderate
2026-10-19,Narayanganj-Sonargaon,Rural,7.13,493,6.96,0.012,0.005,Low
2026-10-20,Savar-Hemayetpur,Industrial,5.65,1747,2.53,1.626,0.543,Critical
2026-10-20,Keraniganj-Hasnabad,Peri-urban,6.90,900,5.28,0.453,0.178,Moderate
2026-10-20,Narayanganj-Sonargaon,Rural,7.40,419,6.65,0.012,0.005,Low
2026-10-21,Savar-Hemayetpur,Industrial,5.79,1650,2.93,1.323,0.679,Critical
2026-10-21,Keraniganj-Hasnabad,Peri-urban,6.78,822,5.49,0.342,0.157,Moderate
2026-10-21,Narayanganj-Sonargaon,Rural,7.40,499,6.17,0.012,0.005,Low
2026-10-22,Savar-Hemayetpur,Industrial,6.07,1861,2.56,1.254,0.536,Critical
2026-10-22,Keraniganj-Hasnabad,Peri-urban,6.55,1058,5.21,0.453,0.105,Moderate
2026-10-22,Narayanganj-Sonargaon,Rural,7.08,457,6.76,0.012,0.005,Low
2026-10-23,Savar-Hemayetpur,Industrial,6.06,1845,3.15,1.282,0.565,Critical
2026-10-23,Keraniganj-Hasnabad,Peri-urban,6.95,1094,4.73,0.386,0.181,Moderate
2026-10-23,Narayanganj-Sonargaon,Rural,7.34,515,6.72,0.012,0.005,Low
2026-10-24,Savar-Hemayetpur,Industrial,5.85,1793,2.64,1.566,0.604,Critical
2026-10-24,Keraniganj-Hasnabad,Peri-urban,6.67,873,4.99,0.384,0.134,Moderate
2026-10-24,Narayanganj-Sonargaon,Rural,7.13,473,6.09,0.012,0.005,Low
2026-10-25,Savar-Hemayetpur,Industrial,6.20,1839,2.88,1.273,0.562,Critical
2026-10-25,Keraniganj-Hasnabad,Peri-urban,6.73,873,4.73,0.326,0.157,Moderate
2026-10-25,Narayanganj-Sonargaon,Rural,7.05,417,6.80,0.012,0.005,Low
2026-10-26,Savar-Hemayetpur,Industrial,5.54,1591,2.68,1.693,0.515,Critical
2026-10-26,Keraniganj-Hasnabad,Peri-urban,6.79,918,4.53,0.401,0.119,Moderate
2026-10-26,Narayanganj-Sonargaon,Rural,7.32,430,6.71,0.012,0.005,Low
2026-10-27,Savar-Hemayetpur,Industrial,6.17,1660,3.06,1.285,0.511,Critical
2026-10-27,Keraniganj-Hasnabad,Peri-urban,6.95,990,5.28,0.426,0.102,Moderate
2026-10-27,Narayanganj-Sonargaon,Rural,7.10,546,6.99,0.012,0.005,Low
2026-10-28,Savar-Hemayetpur,Industrial,6.48,1515,2.84,1.513,0.652,Critical
2026-10-28,Keraniganj-Hasnabad,Peri-urban,6.60,806,4.62,0.348,0.177,Moderate
2026-10-28,Narayanganj-Sonargaon,Rural,7.04,478,6.54,0.012,0.005,Low
2026-10-29,Savar-Hemayetpur,Industrial,6.21,1726,3.20,1.235,0.554,Critical
2026-10-29,Keraniganj-Hasnabad,Peri-urban,6.98,858,5.06,0.399,0.164,Moderate
2026-10-29,Narayanganj-Sonargaon,Rural,7.36,529,6.24,0.012,0.005,Low